karmn,Name,adopted_vsini_kms-1,adopted_err_kms-1,vsini_oc_kms-1,err_oc_kms-1,vsini_ni_kms-1,err_ni_kms-1,vsini_literature_kms-1,err_literature_kms-1,ref_literature,equatorial_velocity_kms-1,err_eq_velocity_kms-1
J00051+457,BD+44 4548,< 2,-,2,-,2,-,2,0.2,Rein18,1.61,0.01
J00067-075,GJ 1002,< 2,-,2,-,2.92108260672195,0.0890557002140285,2,0.2,Rein18,0.07,0
J00162+198E,LP 404-062,< 2,-,2,-,2,-,2,0.2,Rein18,0.13,0
J00162+198W,EZ Psc,4,1.6,21.79352291422,0.955579625840987,21.8245989076777,0.964038255751831,4,1.6,Fou18,5.04,0.16
J00183+440,GX And,< 2,-,2,-,2,-,2,0.2,Rein18,0.45,0.01
J00184+440,GQ And,< 2,-,2,-,2,-,2,0.2,Rein18,0.08,0
J00286-066,GJ 1012,< 2,-,2,-,2,-,2,0.2,Rein18,-,-
J00389+306,Wolf 1056,< 2,-,2,-,2,-,2,0.2,Rein18,0.42,0
J00403+612,2MASS J00402129+6112490,< 2,-,2,-,2,-,-,-,-,-,-
J00570+450,G 172-030,< 2,-,2,-,2,-,2,0.2,Rein18,-,-
J01013+613,GJ 47,< 2,-,2,-,2,-,2,0.2,Rein18,0.54,0.01
J01019+541,G 218-020,29.253086839379,0.909019595046741,29.253086839379,0.909019595046741,29.1687617418379,0.895768995870113,30.6,3.1,Rein18,28.2,0.26
J01025+716,Ross 318,< 2,-,2,-,2,-,2,0.2,Rein18,0.46,0.01
J01026+623,BD+61 195,< 2,-,2,-,2,-,2,0.2,Rein18,1.37,0.01
J01033+623,V* V388 Cas,11.8333127439736,0.50623508941436,11.8333127439736,0.50623508941436,11.8491256611117,0.510904985278165,10.5,1.5,Rein18,12.08,0.39
J01048-181,GJ 1028,< 2,-,2,-,2,-,2,0.2,Rein18,0.05,0
J01056+284,GJ 1029,< 2,-,2,-,2,-,4.1,0.8,Jen09,0.65,0.02
J01066+192,LSPM J0106+1913,< 2,-,2,-,2,-,-,-,,-,-
J01078+128,G 2-21,< 2,-,2,-,2,-,-,-,,-,-
J01125-169,YZ Cet,< 2,-,2,-,2,-,2,0.2,Rein18,0.11,0
J01339-176,LP 768-113,< 2,-,2.64543809810649,0.260952755259576,2.64527929161102,0.262201342453298,2,0.2,Rein18,1.81,0.04
J01352-072,Barta 161 12,50.6563577747638,1.89482349908502,50.6563577747638,1.89482349908502,50.3927445451625,1.92146369422901,59.8,6.9,Rein18,51.96,1.15
J01433+043,GJ 70,< 2,-,2,-,2,-,2,0.2,Rein18,1.38,0.02
J01518+644,G 244-037,< 2,-,2,-,2,-,2,0.2,Rein18,-,-
J01550+379,LSR J0155+3758,< 2,-,2,-,2,-,-,-,,-,-
J02002+130,TZ Ari,< 2,-,2,-,2,-,2,0.2,Rein18,4.04,0.08
J02015+637,G 244-047,< 2,-,2,-,2,-,2,0.2,Rein18,-,-
J02022+103,LP 469-067,< 2,-,2,-,2,-,4.5,0.45,Jen09,-,-
J02070+496,G 173-037,< 2,-,2,-,2,-,2,0.2,Rein18,2.31,0.03
J02088+494,G 173-039,22.6962736610188,0.626977695312864,22.6962736610188,0.626977695312864,22.6926513541438,0.625140159267362,24.1,2.4,Rein18,28.16,2.12
J02123+035,BD+02 348,< 2,-,2,-,2,-,2,0.2,Rein18,1.38,0.01
J02164+135,LP 469-206,13.3910866312827,0.705105217357615,13.3910866312827,0.705105217357615,13.3872773299396,0.702875829859239,12.4,1.24,Barn14,-,-
J02222+478,BD+47 612,< 2,-,2,-,2,-,2,0.2,Rein18,0.98,0.01
J02336+249,GJ 102,3.21821262794534,0.393975456194786,3.21821262794534,0.393975456194786,3.19357155392575,0.39506342334729,3,1.5,Rein18,3.84,0.06
J02358+202,BD+19 381,< 2,-,2,-,2,-,2,0.2,Rein18,0.77,0.01
J02362+068,BX Cet,< 2,-,2,-,2,-,2,0.2,Rein18,-,-
J02442+255,VX Ari,< 2,-,2,-,2,-,2,0.2,Rein18,0.46,0.01
J02465+164,LP 411-006,< 2,-,2,-,2,-,6.2,0.14,Jen09,-,-
J02486+621,2MASS J02483695+6211228,< 2,-,2,-,2,-,-,-,-,-,-
J02489-145E,PM J02489-1432E,< 2,-,2,-,2,-,-,-,,-,-
J02489-145W,PM J02489-1432W,< 2,-,2,-,2,-,-,-,,-,-
J02519+224,RBS 365,28.0316818910915,0.467598217368347,28.0316818910915,0.467598217368347,27.9846088239109,0.473330131811669,27.2,2.7,Rein18,35.98,0.85
J02530+168,Teegarden's Star,< 2,-,2,-,2.61842781524498,0.0365099702981429,2,0.2,Rein18,0.06,0.01
J02560-006,LP 591-156,6.33160429334896,0.31225958699533,6.33160429334896,0.31225958699533,6.34737664622179,0.313179158814726,-,-,,8.37,0.28
J02565+554W,Ross 364,< 2,-,2,-,2,-,0.3,0.03,Rein18,0.6,0
J02573+765,G 245-61,< 2,-,2,-,2,-,0.2,0.02,,-,-
J03090+100,GJ 1055,< 2,-,2,-,2,-,4.7,0.7,Jen09,-,-
J03133+047,CD Cet,< 2,-,2,-,2,-,0.2,0.02,Rein18,0.07,0
J03142+286,LP 299-036,< 2,-,2,-,2,-,-,-,,-,-
J03181+382,HD 275122,< 2,-,2,-,2,-,1.4,0.14,Rein18,0.37,0
J03213+799,GJ 133,< 2,-,2,-,2,-,0.2,0.02,Rein18,0.88,0.01
J03217-066,G 77-046,< 2,-,2,-,2,-,1.4,0.14,Rein18,1.09,0.01
J03230+420,GJ 1059,< 2,-,2,-,2,-,-,-,,-,-
J03463+262,HD 23453,< 2,-,2,-,2,-,1.7,4,Rein18,1.77,0.01
J03473+086,LTT 11262,< 2,-,2,-,2,-,-,-,,0.14,0
J03473-019,G 80-021,6.27512025731271,0.390230049895904,6.27512025731271,0.390230049895904,6.3040112155124,0.382597416305286,6,1.5,Rein18,6.45,0.5
J03531+625,Ross 567,< 2,-,2,-,2,-,0.2,0.02,Rein18,-,-
J04153-076,omi02 Eri C,2.33412076402088,0.539157244819851,2.33412076402088,0.539157244819851,2.33105527261552,0.542026694944526,2.2,1.5,Rein18,1.56,0.06
J04167-120,LP 714-47,< 2,-,2,-,2,-,2.2,0.22,,0.89,0.01
J04198+425,LSR J0419+4233,5.32605311711225,0.948050831151409,5.32605311711225,0.948050831151409,5.32544890945741,0.95872473154838,3.6,2.3,Rein18,5.71,0.57
J04225+105,LSPM J0422+1031,< 2,-,2,-,2,-,0.2,0.02,Rein18,3.86,0.06
J04290+219,BD+21 652,< 2,-,2,-,2,-,1.3,1.5,Rein18,1.33,0.02
J04311+589,G 175-34,< 2,-,2,-,2,-,0.2,0.02,Del98,0.16,0
J04343+430,PM J04343+4302,< 2,-,2,-,2,-,0.2,0.02,,-,-
J04376+528,BD+52 857,< 2,-,2.64762578331853,0.133694919079565,2.64830598176036,0.133985699947591,0.7,1.5,Rein18,1.79,0.02
J04376-110,BD-11 916,< 2,-,2,-,2,-,0.2,0.02,Rein18,-,-
J04406-128,TOI-2457,3.78129037312697,0.610119902629542,3.78129037312697,0.610119902629542,3.75979125898304,0.635937371122423,-,-,-,-,-
J04429+189,HD 285968,< 2,-,2,-,2,-,0.2,0.02,Rein18,0.57,0.01
J04429+214,2MASS J04425586+2128230,< 2,-,2,-,2,-,0.5,0.05,Rein18,0.39,0.01
J04472+206,RX J0447.2+2038,46.8900697158367,1.24859264041288,46.8900697158367,1.24859264041288,46.7530601828286,1.2046033471163,45.4,26.8,Rein18,64.07,4.55
J04520+064,Wolf 1539,< 2,-,2,-,2,-,0.2,0.02,Rein18,-,-
J04538-177,GJ 180,< 2,-,2,-,2,-,0.2,0.02,Rein18,0.38,0
J04588+498,BD+49 1280,< 2,-,2,-,2,-,1.9,0.19,Rein18,1.72,0.01
J05019+011,1RXS J050156.7+010845,7.36932610051241,0.504846244522783,7.36932610051241,0.504846244522783,7.38167378474294,0.50321227325744,7,1.5,Rein18,15.87,0.36
J05019-069,LP 656-038,< 2,-,2,-,2,-,1.7,0.17,Rein18,0.1,0
J05033-173,LP 776-046,< 2,-,2,-,2,-,0.2,0.02,Rein18,-,-
J05062+046,RX J0506.2+0439,26.1957995158558,0.679579074116012,26.1957995158558,0.679579074116012,26.1653462672303,0.6760453310487,29,2.5,Rein18,35.25,0.83
J05084-210,2MASS J05082729-2101444,27.990331180372,3.99732815936622,31.5173829673917,4.05746991749275,27.990331180372,3.99732815936622,25.2,2.5,Rein18,-,-
J05127+196,GJ 192,< 2,-,2,-,2,-,0.2,0.02,Rein18,0.65,0.01
J05280+096,Ross 41,< 2,-,2,-,2,-,1.1,0.11,Rein18,0.68,0.01
J05314-036,HD 36395,< 2,-,2,-,2,-,2.1,0.21,Rein18,0.86,0.03
J05337+019,V371 Ori,9.8,1.5,60.4289893429649,3.77858032125074,60.0500941718456,3.77836022284417,9.8,1.5,Rein18,-,-
J05348+138,Ross 46,< 2,-,2,-,2,-,0.2,0.02,Rein18,-,-
J05360-076,Wolf 1457,< 2,-,2,-,2,-,0.2,0.02,Rein18,-,-
J05365+113,V2689 Ori,3.1486,0.286,3.12554980763038,0.284810226155326,3.13419868407786,0.287758559767452,2,1.5,Rein18,2.45,0.02
J05366+112,PM J05366+1117,2.61,0.04,3.41384790553032,0.252878216486774,3.41693057291923,0.251245336579212,3.4,1.5,Rein18,2.61,0.04
J05394+406,LSR J0539+4038,5.3,1.5,30.5373481958516,13.2242684623535,31.0388141792579,11.5359275279959,5.3,1.5,Rein18,-,-
J05415+534,HD 233153,< 2,-,2,-,2,-,1.9,0.19,Rein18,1.58,0.01
J05421+124,V1352 Ori,< 2,-,2,-,2,-,0.2,0.02,Rein18,-,-
J05532+242,Ross 59,< 2,-,2,-,2,-,3,0.3,Jeff18,-,-
J06000+027,G 99-049,6.19480490174525,0.281067632385527,6.19480490174525,0.281067632385527,6.23026331230619,0.275857125427439,6.2,1.5,Rein18,6.81,0.08
J06011+595,G 192-013,< 2,-,2,-,2,-,0.2,0.02,Rein18,0.14,0
J06024+498,G 192-015,< 2,-,2,-,2,-,0.2,0.02,Rein18,0.07,0
J06103+821,GJ 226,< 2,-,2,-,2,-,0.2,0.02,Rein18,0.46,0.01
J06105-218,HD  42581,< 2,-,2,-,2,-,0.5,0.05,Rein18,1,0.01
J06246+234,Ross 64,< 2,-,2,-,2,-,0.2,0.02,Rein18,-,-
J06318+414,LP 205-044,50.9847399327561,1.51060914091399,50.9847399327561,1.51060914091399,50.9046414917343,1.52324665197032,54,26.1,Rein18,61.39,14.72
J06371+175,HD 260655,2.35037780082352,0.977688893001453,2.35037780082352,0.977688893001453,2.34313244549722,0.983721285546375,0.2,0.02,Rein18,0.59,0
J06396-210,LP 780-032,2.05421257159912,0.156549590150119,2.05421257159912,0.156549590150119,2.0386109992803,0.157958820100323,1.6,0.16,Rein18,0.21,0.01
J06421+035,G 108-021,< 2,-,2,-,2,-,0.2,0.02,Rein18,0.23,0
J06548+332,Wolf 294,< 2,-,2,-,2,-,0.2,0.02,Rein18,0.97,0.02
J06574+740,2MASS J06572616+7405265,27.5100036417037,0.919020642347576,27.5100036417037,0.919020642347576,25.6599875540906,0.968246018670108,32,2.7,Rein18,23.55,1.31
J06594+193,GJ 1093,< 2,-,2,-,2,-,0.2,0.02,Rein18,-,-
J07001-190,2MASS J07000682-1901235,< 2,-,2,-,4.70568086997278,0.395816845124356,3.8,1.5,Rein18,-,-
J07033+346,LP 255-011,< 2,-,2.51466663472737,0.26839781971227,2.50171415397659,0.27116088687181,2.4,0.24,Rein18,1.66,0.03
J07044+682,GJ 258,< 2,-,2,-,2,-,0.2,0.02,Rein18,-,-
J07051-101,2MASS J07051194-1007528,17.7456138097304,0.522003932347227,17.7456138097304,0.522003932347227,17.7604725646606,0.525187810063573,-,-,,18.34,0.6
J07274+052,Luyten's Star,< 2,-,2,-,2,-,0.2,0.02,Rein18,0.16,0
J07287-032,GJ 1097,< 2,-,2,-,2,-,0.2,0.02,Rein18,0.16,0
J07319+362N,V* BL Lyn,< 2,-,2,-,2,-,1.7,0.17,Rein18,1.23,0.01
J07353+548,GJ 3452,< 2,-,2,-,2,-,0.2,0.02,Rein18,0.84,0.01
J07361-031,BD-02 2198,2.34,0.02,3.14940392636181,0.259303842042941,3.15778754818003,0.259964123840644,3.1,1.5,Rein18,2.34,0.02
J07386-212,LP 763-001,< 2,-,2,-,2,-,0.2,0.02,Rein18,-,-
J07393+021,BD+02 1729,< 2,-,2,-,2,-,1.7,0.17,Rein18,2.58,0.02
J07403-174,LP 783-002,< 2,-,2,-,2,-,0.2,0.02,Rein18,-,-
J07446+035,YZ CMi,5.05965668936965,0.581893528115409,5.05965668936965,0.581893528115409,5.09053884724395,0.588858191821902,4.6,1.5,Rein18,6.23,1.56
J07472+503,2MASS J07471385+5020386,11.2744476525241,0.421336937685384,11.2744476525241,0.421336937685384,11.2839974293192,0.425609161342543,10.3,1.5,Rein18,10.75,0.39
J07558+833,GJ 1101,12.9219247720438,0.356055755553572,12.9219247720438,0.356055755553572,12.9427604016236,0.36176134380081,11.8,1.5,Rein18,12.43,0.42
J07582+413,GJ 1105,< 2,-,2,-,2,-,0.2,0.02,Rein18,-,-
J07590+153,LP 424-004,< 2,-,2,-,2,-,-,-,,1.17,0.04
J08023+033,G 50-16 A,< 2,-,2,-,2,-,0.2,0.02,,-,-
J08119+087,Ross 619,< 2,-,2,-,2,-,0.4,0.04,Rein18,1.51,0.02
J08126-215,GJ 300,< 2,-,2,-,2,-,0.2,0.02,Rein18,-,-
J08161+013,GJ 2066,< 2,-,2,-,2,-,0.2,0.02,Rein18,0.54,0.01
J08293+039,2MASS J08292191+0355092,< 2,-,2,-,2,-,0.8,0.08,Rein18,-,-
J08298+267,DX Cnc,10.9578223648015,0.264286184997428,10.9578223648015,0.264286184997428,10.9861796709485,0.255323504939569,11.5,1.5,Rein18,13.66,1.37
J08315+730,LP 035-219,< 2,-,2,-,2,-,0.2,0.02,Rein18,0.14,0
J08358+680,G 234-037,< 2,-,2,-,2,-,1.1,0.11,Rein18,-,-
J08402+314,LSPM J0840+3127,< 2,-,2,-,2,-,0.2,0.02,Rein18,0.12,0
J08409-234,LP 844-008,< 2,-,2,-,2,-,0.2,0.02,Bro10,0.36,0.01
J08413+594,LP 090-018,< 2,-,2,-,2,-,2,0.2,Rein18,0.08,0
J08526+283,rho Cnc B,< 2,-,2,-,2,-,0.2,0.02,Rein18,-,-
J08536-034,LP 666-009,8.4,2.8,37.9931832539833,5.09860800950808,37.4766522951465,5.0439959520441,8.4,2.8,Rein18,11.21,1.12
J08599+729,LP 036-098,< 2,-,2,-,2,-,-,-,,0.08,0
J09003+218,LP 368-128,15.0794368394642,0.415805004414154,15.0794368394642,0.415805004414154,15.0975183009174,0.414995610014135,13,1.5,Rein18,14.18,1.42
J09005+465,GJ 1119,< 2,-,2,-,2,-,2,0.2,Rein18,1.33,0.02
J09028+680,LP 060-179,< 2,-,2,-,2,-,0.2,0.02,Rein18,-,-
J09033+056,NLTT 20861,8.64257720315524,0.374245457809394,8.64257720315524,0.374245457809394,8.65725635671902,0.374261831294217,7.1,1.5,Rein18,-,-
J09133+688,G 234-57A,< 2,-,2,-,2,-,2,0.2,Rein18,2.86,0.3
J09140+196,LP 427-016,< 2,-,2,-,2,-,2,0.2,Rein18,0.62,0.01
J09144+526,HD 79211,< 2,-,2.26167954451662,0.240653922552923,2.24309871750808,0.248159052646878,0.5,1.5,Rein18,1.73,0.03
J09161+018,RX J0916.1+0153,11.7628678852661,0.550086293841585,11.7628678852661,0.550086293841585,11.7726798053769,0.562899239681902,10,1.5,Rein18,11.37,0.43
J09163-186,LP 787-052,< 2,-,2,-,2,-,1,0.1,Rein18,-,-
J09307+003,GJ 1125,< 2,-,2,-,2,-,0.2,0.02,Rein18,-,-
J09360-216,GJ 357,< 2,-,2,-,2,-,0.2,0.02,Rein18,0.23,0
J09411+132,Ross 85,< 2,-,2,-,2,-,0.2,0.02,Rein18,-,-
J09423+559,GJ 363,< 2,-,2,-,2,-,0.2,0.02,Rein18,0.25,0
J09425+700,GJ 360,< 2,-,2,-,2,-,2.1,0.21,Rein18,1.19,0.02
J09428+700,GJ 362,< 2,-,2,-,2,-,1.1,0.11,Rein18,0.87,0.02
J09439+269,Ross 93,< 2,-,2,-,2,-,0.5,0.05,Rein18,1.35,0.02
J09447-182,GJ 1129,< 2,-,2,-,2,-,0.2,0.02,Rein18,-,-
J09449-123,G 161-071,30.3580641639764,1.11550589241753,30.3580641639764,1.11550589241753,30.3012851924825,1.1004625262418,35.3,3.1,Rein18,36.63,9.41
J09468+760,BD+76 3952,< 2,-,2,-,2,-,0.2,0.02,Rein18,0.53,0.01
J09511-123,BD-11 2741,< 2,-,2,-,2,-,0.2,0.02,Rein18,-,-
J09535+355,Wolf 327,< 2,-,2,-,2,-,-,-,,-,-
J09561+627,BD+63 869,< 2,-,2,-,2,-,1.9,0.19,Rein18,1.74,0.01
J09597+472,G 146-005,< 2,-,2,-,2,-,-,-,,0.12,0
J10023+480,BD+48 1829,< 2,-,2,-,2,-,0.2,0.02,Rein18,-,-
J10087+355,Wolf 346,< 2,-,2,-,2,-,-,-,,-,-
J10088+692,TYC 4384-1735-1,< 2,-,2,-,2,-,0.2,0.02,,0.77,0.01
J10122-037,AN Sex,< 2,-,2,-,2,-,1.5,0.15,Rein18,1.09,0.01
J10125+570,LP 092-048,< 2,-,2,-,2,-,0.2,0.02,Rein18,-,-
J10167-119,GJ 386,< 2,-,2,-,2,-,0.2,0.02,Rein18,-,-
J10182-204,NLTT 23956,< 2,-,51.7069777039065,8.57859689879551,51.9974434869123,8.61608957193048,-,-,,1.87,0.06
J10185-117,LP  729-54,< 2,-,2,-,2,-,0.2,0.02,Jeff18,-,-
J10196+198,AD Leo,3.06796010354256,0.606511547478165,3.06796010354256,0.606511547478165,3.06092659997222,0.613772375838063,3.3,0.03,MR14,9.69,0.03
J10238+438,LP 212-062,< 2,-,2,-,2,-,-,-,,0.21,0.01
J10251-102,BD-09 3070,< 2,-,2,-,2,-,1.1,0.11,Rein18,1.03,0.01
J10289+008,BD+01 2447,< 2,-,2,-,2,-,0.2,0.02,Rein18,0.66,0.01
J10350-094,LP 670-017,< 2,-,2,-,2,-,0.2,0.02,Rein18,-,-
J10354+694,LP 037-179,< 2,-,2,-,2,-,3,0.3,Jeff18,0.17,0.01
J10360+051,RY Sex,3.02346307623452,0.733529419907378,3.02346307623452,0.733529419907378,2,-,2.1,1.6,Rein18,2.67,0.03
J10396-069,GJ 399,< 2,-,2,-,2,-,0.2,0.02,Rein18,-,-
J10416+376,GJ 1134,< 2,-,2,-,2,-,0.2,0.02,Rein18,0.21,0
J10482-113,LP 731-058,< 2,-,2,-,2,-,2.1,1.5,Rein18,4.01,0.4
J10504+331,G 119-037,< 2,-,2,-,2,-,2,0.2,Rein18,-,-
J10508+068,EE Leo,< 2,-,2,-,2,-,0.2,0.02,Rein18,0.2,0.01
J10564+070,CN Leo,2.20961228533483,0.516238790937125,2.20961228533483,0.516238790937125,2.19935235782254,0.524204353799402,0.2,0.02,Rein18,2.11,0.03
J10584-107,LP 731-076,3.39138312292869,0.576688272806111,3.39138312292869,0.576688272806111,3.38125122048627,0.579493557621646,2.8,1.5,Rein18,-,-
J11000+228,Ross 104,< 2,-,2,-,2,-,0.2,0.02,Rein18,0.36,0.08
J11026+219,DS Leo,< 2,-,2.60260119146258,0.366125530746211,2.59909827557887,0.371698258338961,2.3,1.5,Rein18,1.9,0.08
J11033+359,Lalande 21185,< 2,-,2,-,2,-,0.2,0.02,Rein18,0.36,0.01
J11044+304,LSPM J1104+3027,< 2,-,2,-,2,-,-,-,,-,-
J11054+435,BD+44 2051A,< 2,-,2,-,2,-,0.2,0.02,Rein18,0.53,0.01
J11055+435,WX UMa,< 2,-,8.32587900325911,3.00916835171257,8.50129958034645,3.47848487873901,3.5,2.7,Rein18,8.25,0.83
J11108+479,G 176-015,< 2,-,2,-,2,-,-,-,,0.11,0
J11110+304W,HD  97101B,2.13118480570902,0.67203731789432,2.13118480570902,0.67203731789432,2.13817598103858,0.676371242354771,0.7,0.07,Rein18,-,-
J11126+189,StKM 1-928,< 2,-,2,-,2,-,0.4,0.04,Rein18,-,-
J11195+466,LP 169-022,< 2,-,2,-,2,-,-,-,,-,-
J11201-104,LP 733-099,4.64239066341162,0.209499752745348,4.64239066341162,0.209499752745348,4.65859971302794,0.224625644163148,4.6,1.5,Rein18,4.55,0.01
J11289+101,Wolf 398,< 2,-,2,-,2,-,2,0.2,Rein18,-,-
J11302+076,K2-18,< 2,-,2,-,2,-,0.2,0.02,Rein18,0.6,0.01
J11306-080,LP 672-042,< 2,-,2,-,2,-,0.2,0.02,Rein18,-,-
J11417+427,Ross 1003,< 2,-,2,-,2,-,0.2,0.02,Rein18,0.25,0.01
J11421+267,Ross 905,< 2,-,2,-,2.1110802524761,0.117308871886812,0.2,0.02,Rein18,0.47,0.01
J11423+230,LP 375-23,2.06553984871905,0.23663394998941,2.06553984871905,0.23663394998941,2.05401468699383,0.240164522056648,-,-,,-,-
J11467-140,GJ 443,< 2,-,2,-,2,-,0.9,0.09,Rein18,-,-
J11474+667,1RXS J114728.8+664405,3.2756586075999,0.832240296464087,3.2756586075999,0.832240296464087,3.2522709455618,0.859890362080178,3.1,1.5,Rein18,1.13,0.01
J11476+002,LP 613-49A,< 2,-,2.82470093918925,0.572244456986922,2.81151064411071,0.570204908439118,2.3,1.5,Rein18,1.49,0.02
J11476+786,GJ 445,< 2,-,2,-,2,-,0.2,0.02,Rein18,-,-
J11477+008,FI Vir,< 2,-,2,-,2,-,0.2,0.02,Rein18,0.08,0
J11509+483,GJ 1151,< 2,-,2,-,3.54448924006345,0.0535742592262496,0.2,0.02,Rein18,0.07,0
J11511+352,BD+36 2219,< 2,-,2,-,2,-,0.2,0.02,Rein18,0.99,0.01
J12054+695,Ross 689,< 2,-,2,-,2,-,2,0.2,Rein18,0.15,0
J12100-150,LP 734-032,< 2,-,2,-,2,-,0.2,0.02,Rein18,0.23,0
J12111-199,LTT 4562,< 2,-,2,-,2,-,0.2,0.02,Rein18,-,-
J12123+544S,HD 238090,< 2,-,2,-,2,-,0.2,0.02,Rein18,0.3,0
J12156+526,StKM 2-809,39.5249952201601,2.33695065938752,39.5249952201601,2.33695065938752,39.5679528300558,2.3193187572171,37.6,3.5,Rein18,32.99,0.12
J12189+111,GL Vir,15.4341283901457,0.405239374963078,15.4341283901457,0.405239374963078,15.4281035222085,0.399880074540913,13,1.6,Rein18,16.73,0.36
J12230+640,Ross 690,< 2,-,2,-,2,-,1.1,0.11,Rein18,0.74,0.01
J12248-182,Ross 695,< 2,-,2,-,2,-,1.1,0.11,Rein18,-,-
J12312+086,BD+09 2636,< 2,-,2,-,2,-,1,0.1,Rein18,-,-
J12350+098,GJ 476,< 2,-,2,-,2,-,2,0.2,Rein18,0.67,0.01
J12373-208,LP 795-038,< 2,-,2,-,2,-,0.2,0.02,Rein18,-,-
J12388+116,Wolf 433,< 2,-,2,-,2,-,0.2,0.02,Rein18,0.41,0.01
J12428+418,G 123-055,2.18428494370511,0.329472298749009,2.18428494370511,0.329472298749009,2.17998448205631,0.32880764508713,2.1,0.21,Rein18,1.19,0.02
J12479+097,Wolf 437,< 2,-,2,-,2,-,0.2,0.02,Rein18,0.32,0.01
J13005+056,FN Vir,16.3373909789279,0.379613768166223,16.3373909789279,0.379613768166223,16.340554531296,0.372581541549261,16.4,1.6,Rein18,17.6,0.43
J13102+477,G 177-025,< 2,-,2,-,2,-,1.8,0.18,Rein18,0.3,0
J13119+658,PM J13119+6550,2.35445913739531,0.493449413508295,2.35445913739531,0.493449413508295,2.3535574277548,0.491518071868606,0.2,0.02,,-,-
J13196+333,Ross 1007,< 2,-,2,-,2,-,1.5,0.15,Rein18,0.56,0
J13209+342,BD+35 2439,< 2,-,2,-,2,-,0.2,0.02,Rein18,-,-
J13229+244,Ross 1020,< 2,-,2,-,2,-,0.2,0.02,Rein18,0.15,0
J13255+688,2MASS J13253177+6850106,< 2,-,2,-,2,-,-,-,-,-,-
J13283-023W,Ross 486A,< 2,-,2,-,2,-,0.5,0.05,Rein18,0.46,0.01
J13293+114,GJ 513,< 2,-,2,-,2,-,2,0.2,Rein18,-,-
J13299+102,BD+11 2576,< 2,-,2,-,2,-,0.2,0.02,Rein18,0.81,0.01
J13300-087,Ross 476,< 2,-,2,-,2,-,-,-,,0.2,0.01
J13427+332,Ross 1015,< 2,-,2,-,2,-,0.2,0.02,Rein18,-,-
J13450+176,BD+18 2776,3.56838610896745,0.737699924249537,3.56838610896745,0.737699924249537,3.5621726578948,0.724194328989062,0.2,1.5,Rein18,-,-
J13457+148,HD 119850,< 2,-,2,-,2,-,0.2,0.02,Rein18,0.47,0.01
J13458-179,LP 798-034,< 2,-,2,-,2,-,2,0.2,Rein18,-,-
J13536+776,RX J1353.6+7737,13.4079764566599,1.07476388037893,13.4079764566599,1.07476388037893,13.4020102807338,1.06845430183981,9.7,1.5,Rein18,12.47,0.65
J13582+125,Ross 837,< 2,-,2,-,2,-,2,0.2,Rein18,-,-
J13591-198,LP 799-007,3.98669294155464,0.259762340789766,3.98669294155464,0.259762340789766,3.99370877258162,0.258484911615479,4.2,1.5,Rein18,4.13,0.05
J14010-026,HD 122303,< 2,-,2,-,2,-,0.2,0.02,Rein18,0.58,0
J14082+805,BD+81 465,< 2,-,2,-,2,-,1.2,0.12,Rein18,-,-
J14152+450,Ross 992,< 2,-,2,-,2,-,1.1,0.11,Rein18,0.41,0
J14155+046,GJ 1182,< 2,-,2,-,2,-,6.8,0.5,Jen09,-,-
J14173+454,RX J1417.3+4525,16.8406471240792,0.918211444633016,16.8406471240792,0.918211444633016,16.8341489739371,0.924435140166605,14.9,1.6,Rein18,38.45,0.6
J14251+518,tet Boo B,< 2,-,2,-,2,-,0.2,0.02,Rein18,-,-
J14257+236E,BD+24 2733B,< 2,-,2,-,2,-,1.5,0.15,Rein18,1.69,0.01
J14257+236W,BD+24 2733A,< 2,-,2,-,2,-,1.6,0.16,Rein18,0.28,0
J14294+155,Ross 130,< 2,-,2,-,2,-,0.2,0.02,Rein18,0.58,0.01
J14307-086,BD-07 3856,< 2,-,2,-,2,-,0.6,1.5,Rein18,-,-
J14310-122,Wolf 1478,< 2,-,2,-,2,-,0.2,0.02,Rein18,-,-
J14321+081,LP 560-035,8.3800015156076,0.537132037786554,8.3800015156076,0.537132037786554,8.3989942873336,0.530390278108873,6.8,1.5,Rein18,9.44,0.51
J14342-125,HN Lib,< 2,-,2,-,2,-,0.2,0.02,Rein18,0.16,0
J14524+123,G 66-37,< 2,-,2,-,2,-,1.6,0.16,Rein18,0.97,0.01
J14544+355,Ross 1041,< 2,-,2,-,2,-,0.2,0.02,Rein18,-,-
J14578+566,GJ 1187,9.13165476781357,0.28418250399504,9.13165476781357,0.28418250399504,9.15042026751422,0.279642975602767,13.6,0.1,Jen09,8.56,0.29
J15013+055,G 15-2,< 2,-,2,-,2,-,0.2,0.02,Rein18,-,-
J15095+031,Ross 1047,< 2,-,2,-,2,-,0.2,0.02,Rein18,-,-
J15100+193,G 136-072,< 2,-,2,-,2,-,3,0.3,Jeff18,0.18,0.01
J15194-077,HO Lib,< 2,-,2,-,2,-,0.2,0.02,Rein18,0.12,0
J15218+209,OT Ser,4.63979888549386,0.513499199475488,4.63979888549386,0.513499199475488,4.65150801067729,0.52251651745088,4.1,1.5,Rein18,7.84,1.69
J15238+174,Ross 508,< 2,-,2,-,2,-,3.1,0.5,Jen09,-,-
J15305+094,NLTT 40406,15.8244382939455,0.646035906333079,15.8244382939455,0.646035906333079,15.8236594957075,0.642119506757223,13.4,1.6,Rein18,21.5,0.23
J15369-141,Ross 802,< 2,-,2,-,2,-,0.2,0.02,Rein18,-,-
J15412+759,UU UMi,< 2,-,2,-,2,-,3,0.3,Jeff18,0.21,0.01
J15474-108,LP 743-031,2.62772230638292,0.412596731925477,2.62772230638292,0.412596731925477,2.61413111953044,0.451693814550964,3,0.3,Jeff18,0.56,0.01
J15499+796,LP 022-420,26.455444571792,0.76819713068415,26.455444571792,0.76819713068415,26.3630547669627,0.762108082685675,31,2.7,Rein18,79.65,0.98
J15583+354,G 180-018,< 2,-,2,-,2,-,1.6,0.16,Jeff18,0.26,0
J15598-082,BD-07 4156,< 2,-,2,-,2,-,0.8,0.08,Rein18,1.2,0.01
J16028+205,GJ 609,< 2,-,2,-,2,-,0.2,0.02,Rein18,-,-
J16092+093,G 137-084,< 2,-,2,-,2,-,0.2,0.02,Rein18,0.4,0
J16167+672N,EW Dra,< 2,-,2,-,2,-,0.2,0.02,Rein18,0.56,0.01
J16167+672S,HD 147379,< 2,-,2,-,2,-,1.7,1.5,Rein18,1.46,0.02
J16254+543,GJ 625,< 2,-,2,-,2,-,0.2,0.02,Rein18,0.2,0
J16303-126,V2306 Oph,< 2,-,2,-,2,-,0.2,0.02,Rein18,0.13,0
J16313+408,G 180-060,8.06656466535637,0.559884429014073,8.06656466535637,0.559884429014073,8.09690132033182,0.561901842884682,7.4,1.5,Rein18,17.15,0.46
J16327+126,GJ 1203,< 2,-,2,-,2,-,0.2,0.02,Rein18,-,-
J16462+164,LP 446-006,< 2,-,2,-,2,-,0.4,0.04,Rein18,-,-
J16554-083N,Wolf 629,< 2,-,2,-,2,-,0.2,0.02,Rein18,1.69,0.03
J16555-083,VB 8,5.61319823964502,0.188774237032296,5.61319823964502,0.188774237032296,5.62081123096283,0.199730518403301,4,1.5,Rein18,5.36,0.54
J16570-043,LP 686-027,10.7497963597203,0.447921176437343,10.7497963597203,0.447921176437343,10.7569407339157,0.450418193060428,9.7,1.5,Rein18,24.35,0.25
J16578+473,HD 153557B,< 2,-,4.97124351127133,1.30132419628606,2,-,-,-,,-,-
J16581+257,BD+25 3173,< 2,-,2,-,2,-,0.3,0.03,Rein18,1.06,0.01
J17033+514,G 203-042,< 2,-,2,-,2,-,0.2,0.02,Rein18,0.09,0
J17052-050,Wolf 636,< 2,-,2,-,2,-,0.2,0.02,Rein18,0.48,0
J17071+215,Ross 863,< 2,-,2,-,2,-,0.2,0.02,Rein18,-,-
J17115+384,Wolf 654,< 2,-,2,-,2,-,-,-,-,0.3,0.01
J17166+080,GJ 2128,< 2,-,2,-,2,-,2,0.2,Rein18,-,-
J17198+417,GJ 671,< 2,-,2,-,2,-,0.2,0.02,Rein18,0.25,0
J17303+055,BD+05 3409,< 2,-,2,-,2,-,0.2,0.02,Rein18,0.76,0
J17338+169,1RXS J173353.5+165515,41.025784444347,2.73503723172973,41.025784444347,2.73503723172973,41.0041696143401,2.66380279116984,38,7.7,Rein18,60.92,16.09
J17355+616,BD+61 1678,< 2,-,2,-,2,-,0.9,0.09,Rein18,1.51,0.01
J17364+683,BD+68 946,< 2,-,2,-,2,-,0.2,0.02,Bro10,-,-
J17378+185,BD+18 3421,< 2,-,2,-,2,-,0.2,0.02,Rein18,0.62,0.01
J17481+159,2MASS J17481125+1558465,< 2,-,2,-,2,-,-,-,,-,-
J17542+073,GJ 1222,< 2,-,2,-,2,-,0.2,0.02,Rein18,-,-
J17578+046,Barnard's Star,< 2,-,2,-,2,-,0.4,0.04,Rein18,0.07,0
J17578+465,G 204-039,< 2,-,2,-,2,-,0.2,0.02,Rein18,0.66,0.01
J18012+355,G 182-034,< 2,-,2,-,2,-,-,-,,-,-
J18022+642,LP 071-082,11.9795003095185,0.570749769831629,11.9795003095185,0.570749769831629,11.9907600530516,0.570756366362097,12.9,1.5,Rein18,32.2,0.89
J18027+375,GJ 1223,< 2,-,2,-,2,-,0.2,0.02,Rein18,0.07,0
J18051-030,HD 165222,< 2,-,2,-,2,-,0.2,0.02,Rein18,0.17,0
J18075-159,GJ 1224,< 2,-,2,-,2,-,1.6,1.5,Rein18,2.27,0.03
J18131+260,LP 390-16,6.98211456805281,0.661692891631168,6.98211456805281,0.661692891631168,7.02272925188051,0.657238332038303,6.3,1.5,Rein18,7.51,0.29
J18165+048,G 140-51,< 2,-,2,-,2,-,0.2,0.02,Rein18,-,-
J18174+483,TYC 3529-1437-1,2.18862585540045,0.283763827239582,2.18862585540045,0.283763827239582,2.18029648149816,0.28545945110903,2.2,0.22,Rein18,1.66,0.36
J18180+387E,G 204-58,< 2,-,2,-,2,-,0.3,0.03,Rein18,-,-
J18189+661,LP 71-165,15.2185357571532,0.556536792833657,15.2185357571532,0.556536792833657,15.220121760081,0.556229916977337,14.5,1.5,Rein18,15.66,0.45
J18221+063,Ross 136,< 2,-,2,-,2,-,0.3,0.03,Rein18,-,-
J18224+620,GJ 1227,< 2,-,2,-,5.05103609899563,0.166077576019196,0.2,0.02,Rein18,-,-
J18319+406,G 205-028,< 2,-,2,-,2,-,0.2,0.02,Rein18,0.35,0.01
J18346+401,LP 229-017,< 2,-,2,-,2,-,0.2,0.02,Rein18,0.52,0.01
J18353+457,BD+45 2743,< 2,-,2,-,2,-,0.2,0.02,Rein18,0.88,0.01
J18356+329,LSR J1835+3259,43.6641787558013,3.5499254488737,43.6641787558013,3.5499254488737,43.5622424796519,3.89474442901225,49.2,4.9,Rein18,42.6,4.26
J18363+136,Ross 149,< 2,-,2,-,2,-,1.4,0.14,Rein18,0.31,0.01
J18409-133,BD-13 5069,< 2,-,2,-,2,-,1.1,0.11,Rein18,0.94,0.01
J18419+318,Ross 145,< 2,-,2,-,2,-,0.2,0.02,Rein18,-,-
J18427+596N,HD 173739,< 2,-,2,-,2,-,1,0.1,Bro10,0.17,0
J18427+596S,HD 173740,< 2,-,2,-,2,-,1.4,0.14,Bro10,0.1,0
J18480-145,G 155-042,< 2,-,2,-,2,-,0.2,0.02,Rein18,-,-
J18482+076,G 141-036,3.08336645861537,0.137212699340054,3.08336645861537,0.137212699340054,3.08277135512284,0.137963461762588,3.6,1.5,Rein18,2.85,0.07
J18498-238,V1216 Sgr,4.10558226544339,0.495159911768131,4.10558226544339,0.495159911768131,4.1290182549183,0.505901334435371,4.4,1.5,Rein18,3.34,0.06
J18580+059,BD+05 3993,< 2,-,2,-,2,-,0.5,0.05,Rein18,0.83,0.01
J19025+754,LSPM J1902+7525,3.57307882169928,0.661987860096176,3.57307882169928,0.661987860096176,3.56470373666923,0.67172321972635,-,-,,-,-
J19070+208,Ross 730,< 2,-,2,-,2,-,0.2,0.02,Rein18,-,-
J19072+208,HD 349726,< 2,-,2,-,2,-,0.2,0.02,Rein18,4.17,0.05
J19084+322,G 207-019,< 2,-,2,-,2,-,0.2,0.02,Rein18,0.23,0
J19098+176,GJ 1232,< 2,-,2,-,3.62482971009939,0.162787746278697,0.2,0.02,Rein18,0.13,0
J19169+051N,V1428 Aql,< 2,-,2,-,2,-,0.2,0.02,Rein18,0.52,0.01
J19169+051S,V1298 Aql,< 2,-,3.63369016385006,0.772977591841704,3.62423231872308,0.778154931410943,3.7,2.7,Rein18,0.23,0.02
J19206+731S,2MASS J19204172+7311434,< 2,-,2,-,2,-,-,-,-,-,-
J19216+208,GJ 1235,< 2,-,2,-,2,-,0.2,0.02,Rein18,0.08,0
J19242+755,GJ 1238,< 2,-,2,-,2,-,-,-,,0.06,0
J19251+283,Ross 164,< 2,-,2,-,2,-,0.2,0.02,Rein18,-,-
J19255+096,LSPM J1925+0938,30.8831925363678,2.57714651365447,36.5657662487244,4.15117813979445,30.8831925363678,2.57714651365447,34.7,3.5,Rein18,-,-
J19346+045,BD+04 4157,3.5888,0.4973,3.56978266384912,0.496036248582097,3.52518971870557,0.470572100924086,0.2,1.5,Rein18,1.28,0.02
J19422-207,2MASS J19421282-2045477,8.12364508455467,0.698361947095759,8.12364508455467,0.698361947095759,8.17673880063737,0.701675463759923,6.7,1.5,Rein18,8.34,0.28
J19511+464,G 208-042,23.1524393951049,0.595488902336559,23.1524393951049,0.595488902336559,23.1692882312142,0.602516776522141,24.6,0.9,Fou18,23.8,0.59
J19573-125,HD 188807 B,3.35662957301299,0.752704778688172,3.35662957301299,0.752704778688172,2,-,-,-,,-,-
J20093-012,2MASS J20091824-0113377,5.35512482730087,0.438193551445607,5.35512482730087,0.438193551445607,5.36947800362278,0.437403984207577,5.5,1.5,Rein18,5.9,0.32
J20198+229,LP  395-8 A,11.8,1.18,69.7752166354199,6.04076451442864,70.1156438585681,8.6294118802361,11.8,1.18,Jeff18,-,-
J20260+585,Wolf 1069,< 2,-,2,-,2.67088506090501,0.025368230052352,0.2,0.02,Rein18,0.15,0
J20305+654,GJ 793,< 2,-,2,-,2,-,2.7,0.27,Rein18,0.58,0.01
J20336+617,GJ 1254,< 2,-,2,-,2,-,0.3,0.03,Rein18,1.52,0.03
J20405+154,GJ 1256,< 2,-,2,-,2,-,0.2,0.02,Rein18,0.1,0
J20450+444,BD+44 3567,< 2,-,2,-,2,-,0.2,0.02,Rein18,0.54,0
J20451-313,AU Mic,8.39859509191445,0.383504583917495,8.39859509191445,0.383504583917495,8.40534630272489,0.384207607254236,8.2,1.2,Tor06,8.93,0.21
J20525-169,LP 816-060,< 2,-,2,-,2,-,0.2,0.02,Rein18,0.17,0
J20533+621,HD 199305,< 2,-,2,-,2,-,0.2,0.02,Rein18,-,-
J20556-140N,GJ 810 A,3.97648361767945,0.837833196306116,3.97648361767945,0.837833196306116,4.0885929331099,0.838100552824186,3,1,Karmn,-,-
J20556-140S,GJ 810 B,< 2,-,2,-,2,-,0.2,0.02,Marf21,0.06,0
J20567-104,Wolf 896,< 2,-,2,-,2,-,0.2,0.02,Rein18,2.42,0.04
J21019-063,Wolf 906,< 2,-,2,-,2,-,0.2,0.02,Rein18,0.46,0.01
J21152+257,LP 397-041,< 2,-,2,-,2,-,1.7,0.17,Rein18,0.79,0.01
J21164+025,LSPM J2116+0234,< 2,-,2,-,2,-,0.2,0.02,Rein18,0.48,0.01
J21221+229,TYC 2187-512-1,< 2,-,2,-,2,-,0.2,0.02,Rein18,0.64,0.01
J21348+515,Wolf 926,< 2,-,2,-,2,-,0.2,0.02,Rein18,0.41,0.01
J21463+382,LSPM J2146+3813,< 2,-,2,-,2,-,0.2,0.02,Rein18,0.12,0
J21466+668,G 264-012,< 2,-,2,-,2,-,0.3,0.03,Rein18,0.15,0
J21466-001,Wolf 940,< 2,-,2,-,2,-,0.2,0.02,Rein18,-,-
J21474+627,TYC 4266-736-1,< 2,-,2,-,2,-,0.2,0.02,,-,-
J22012+283,V374 Peg,36.1923741715621,1.13541666769698,36.1923741715621,1.13541666769698,36.0976742830521,1.13178707841339,36.4,0.7,Fou18,36.48,0.68
J22020-194,LP 819-017,< 2,-,2,-,2,-,0.2,0.02,Rein18,-,-
J22021+014,BD+00 4810,< 2,-,2,-,2,-,1.1,0.11,Rein18,1.29,0.01
J22057+656,G 264-18 A,< 2,-,2,-,2,-,0.2,0.02,Rein18,0.2,0
J22096-046,BD-05 5715,< 2,-,2,-,2,-,0.5,0.05,Rein18,0.59,0.01
J22102+587,UCAC4 744-073158,< 2,-,2,-,2,-,-,-,,-,-
J22114+409,1RXS J221124.3+410000,< 2,-,2,-,2,-,2,0.2,Rein18,0.3,0.01
J22115+184,Ross 271,< 2,-,2,-,2,-,1.2,0.12,Rein18,0.7,0.01
J22125+085,Wolf 1014,< 2,-,2,-,2,-,0.2,0.02,Rein18,-,-
J22137-176,LP 819-052,< 2,-,2,-,2,-,0.2,0.02,Rein18,0.08,0
J22231-176,LP 820-012,< 2,-,2,-,2,-,2.3,0.23,Rein18,2.11,0.03
J22252+594,G 232-070,< 2,-,2,-,2,-,0.2,0.02,Rein18,0.31,0.01
J22298+414,G 215-050,< 2,-,2,-,2,-,0.2,0.02,Rein18,0.13,0
J22330+093,BD+08 4887,< 2,-,2,-,2,-,0.2,0.02,Rein18,0.6,0.01
J22468+443,EV Lac,4.57949573566456,0.7422498174132,4.57949573566456,0.7422498174132,4.57759407150244,0.747643847178562,4.1,1.5,Rein18,3.97,0.07
J22503-070,BD-07 5871,< 2,-,2,-,2,-,0.2,0.02,Rein18,-,-
J22518+317,GT Peg,14.073498550964,0.401258061004699,14.073498550964,0.401258061004699,14.0994420334882,0.398440923375292,12.7,0.9,Fou18,16.7,1.07
J22526+750,NLTT 55174,< 2,-,2,-,2,-,2,0.2,Fou18,0.14,0
J22532-142,IL Aqr,< 2,-,2,-,2,-,0.2,0.02,Rein18,0.2,0
J22559+178,StKM 1-2065,< 2,-,2,-,2,-,0.9,0.09,Rein18,1.02,0.01
J22565+165,HD 216899,< 2,-,2,-,2,-,1.3,0.13,Rein18,0.67,0.01
J23064-050,2MUCD 12171,< 2,-,2,-,2,-,2,0.2,Rein18,1.72,0.17
J23113+085,NLTT 56083,< 2,-,2,-,2,-,0.2,0.02,Rein18,0.48,0.03
J23216+172,LP 462-027,< 2,-,2,-,2,-,0.2,0.02,Rein18,0.25,0.01
J23245+578,BD+57 2735,< 2,-,2,-,2,-,1,0.1,Rein18,0.74,0.01
J23340+001,Wolf 1039,< 2,-,2,-,2,-,0.2,0.02,Rein18,-,-
J23351-023,GJ 1286,< 2,-,2,-,2,-,0.2,0.02,Rein18,0.04,0
J23381-162,G 273-093,< 2,-,2,-,2,-,0.2,0.02,Rein18,0.3,0
J23419+441,HH And,< 2,-,2,-,2,-,0.2,0.02,Rein18,0.08,0
J23431+365,GJ 1289,< 2,-,2,-,2,-,1.4,0.14,Rein18,0.16,0
J23492+024,BR Psc,< 2,-,2,-,2,-,0.2,0.02,Rein18,0.42,0.01
J23505-095,LP 763-012,< 2,-,2,-,2,-,0.2,0.02,Rein18,-,-
J23548+385,RX J2354.8+3831,3.6,1.5,5.07465529594318,0.899233142512227,5.12194970335812,0.904449926865867,3.6,1.5,Rein18,3.37,0.03
J23556-061,GJ 912,< 2,-,2,-,2,-,2,0.2,Rein18,-,-
J23585+076,Wolf 1051,< 2,-,41.775060102032,2.31513659213144,42.2175970328597,2.37936100088011,2,0.2,Rein18,0.43,0.01
